broken_url,status,linked_from
https://nationcfh.wpcomstaging.com/where-we-buy/johnson-county/,404,https://nationcfh.wpcomstaging.com/about/
https://nationcfh.wpcomstaging.com/where-we-buy/gatlinburg/,404,https://nationcfh.wpcomstaging.com/where-we-buy/sevier-county/
https://nationcfh.wpcomstaging.com/where-we-buy/giles-county/,404,https://nationcfh.wpcomstaging.com/about/
https://nationcfh.wpcomstaging.com/where-we-buy/lafayette/,404,https://nationcfh.wpcomstaging.com/where-we-buy/macon-county/
https://nationcfh.wpcomstaging.com/where-we-buy/hartsville/,404,https://nationcfh.wpcomstaging.com/where-we-buy/trousdale-county/
https://nationcfh.wpcomstaging.com/where-we-buy/germantown/,404,https://nationcfh.wpcomstaging.com/where-we-buy/shelby-county/
https://nationcfh.wpcomstaging.com/where-we-buy/milan/,404,https://nationcfh.wpcomstaging.com/where-we-buy/gibson-county/
https://nationcfh.wpcomstaging.com/where-we-buy/putnam-county/,404,https://nationcfh.wpcomstaging.com/about/
https://nationcfh.wpcomstaging.com/where-we-buy/obion-county/,404,https://nationcfh.wpcomstaging.com/about/
https://nationcfh.wpcomstaging.com/where-we-buy/loudon-county/,404,https://nationcfh.wpcomstaging.com/about/
https://nationcfh.wpcomstaging.com/where-we-buy/kingsport/,404,https://nationcfh.wpcomstaging.com/where-we-buy/sullivan-county/
https://nationcfh.wpcomstaging.com/where-we-buy/jefferson-county/,404,https://nationcfh.wpcomstaging.com/about/
https://nationcfh.wpcomstaging.com/where-we-buy/bristol/,404,https://nationcfh.wpcomstaging.com/where-we-buy/sullivan-county/
https://nationcfh.wpcomstaging.com/where-we-buy/dyersburg/,404,https://nationcfh.wpcomstaging.com/where-we-buy/dyer-county/
https://nationcfh.wpcomstaging.com/where-we-buy/mt-juliet/,404,https://nationcfh.wpcomstaging.com/where-we-buy/wilson-county/
https://nationcfh.wpcomstaging.com/where-we-buy/cleveland/,404,https://nationcfh.wpcomstaging.com/where-we-buy/bradley-county/
https://nationcfh.wpcomstaging.com/where-we-buy/crockett-county/,404,https://nationcfh.wpcomstaging.com/about/
https://nationcfh.wpcomstaging.com/where-we-buy/henry-county/,404,https://nationcfh.wpcomstaging.com/about/
https://nationcfh.wpcomstaging.com/where-we-buy/carter-county/,404,https://nationcfh.wpcomstaging.com/about/
https://nationcfh.wpcomstaging.com/where-we-buy/hamblen-county/,404,https://nationcfh.wpcomstaging.com/about/
https://nationcfh.wpcomstaging.com/where-we-buy/munford/,404,https://nationcfh.wpcomstaging.com/where-we-buy/tipton-county/
https://nationcfh.wpcomstaging.com/where-we-buy/unicoi-county/,404,https://nationcfh.wpcomstaging.com/about/
https://nationcfh.wpcomstaging.com/where-we-buy/oak-ridge/,404,https://nationcfh.wpcomstaging.com/where-we-buy/anderson-county/
https://nationcfh.wpcomstaging.com/where-we-buy/la-follette/,404,https://nationcfh.wpcomstaging.com/where-we-buy/campbell-county/
https://nationcfh.wpcomstaging.com/where-we-buy/powell/,404,https://nationcfh.wpcomstaging.com/where-we-buy/knox-county/
https://nationcfh.wpcomstaging.com/where-we-buy/soddy-daisy/,404,https://nationcfh.wpcomstaging.com/where-we-buy/hamilton-county/
https://nationcfh.wpcomstaging.com/where-we-buy/humboldt/,404,https://nationcfh.wpcomstaging.com/where-we-buy/gibson-county/
https://nationcfh.wpcomstaging.com/where-we-buy/white-house/,404,https://nationcfh.wpcomstaging.com/where-we-buy/sumner-county/|https://nationcfh.wpcomstaging.com/where-we-buy/robertson-county/
https://nationcfh.wpcomstaging.com/where-we-buy/roane-county/,404,https://nationcfh.wpcomstaging.com/about/
https://nationcfh.wpcomstaging.com/where-we-buy/grainger-county/,404,https://nationcfh.wpcomstaging.com/about/
https://nationcfh.wpcomstaging.com/where-we-buy/greeneville/,404,https://nationcfh.wpcomstaging.com/where-we-buy/greene-county/
https://nationcfh.wpcomstaging.com/where-we-buy/hardin-county/,404,https://nationcfh.wpcomstaging.com/about/
https://nationcfh.wpcomstaging.com/where-we-buy/lake-county/,404,https://nationcfh.wpcomstaging.com/about/
https://nationcfh.wpcomstaging.com/where-we-buy/lewisburg/,404,https://nationcfh.wpcomstaging.com/where-we-buy/marshall-county/
https://nationcfh.wpcomstaging.com/where-we-buy/rhea-county/,404,https://nationcfh.wpcomstaging.com/about/
https://nationcfh.wpcomstaging.com/where-we-buy/covington/,404,https://nationcfh.wpcomstaging.com/where-we-buy/tipton-county/
https://nationcfh.wpcomstaging.com/where-we-buy/lawrenceburg/,404,https://nationcfh.wpcomstaging.com/where-we-buy/lawrence-county/
https://nationcfh.wpcomstaging.com/where-we-buy/polk-county/,404,https://nationcfh.wpcomstaging.com/about/
https://nationcfh.wpcomstaging.com/where-we-buy/mosheim/,404,https://nationcfh.wpcomstaging.com/where-we-buy/greene-county/
https://nationcfh.wpcomstaging.com/where-we-buy/tullahoma/,404,https://nationcfh.wpcomstaging.com/where-we-buy/coffee-county/
https://nationcfh.wpcomstaging.com/where-we-buy/scott-county/,404,https://nationcfh.wpcomstaging.com/about/
https://nationcfh.wpcomstaging.com/where-we-buy/blountville/,404,https://nationcfh.wpcomstaging.com/where-we-buy/sullivan-county/
https://nationcfh.wpcomstaging.com/where-we-buy/fentress-county/,404,https://nationcfh.wpcomstaging.com/about/
https://nationcfh.wpcomstaging.com/where-we-buy/jonesborough/,404,https://nationcfh.wpcomstaging.com/where-we-buy/washington-county/
https://nationcfh.wpcomstaging.com/where-we-buy/erin/,404,https://nationcfh.wpcomstaging.com/where-we-buy/houston-county/
https://nationcfh.wpcomstaging.com/where-we-buy/franklin-county/,404,https://nationcfh.wpcomstaging.com/about/
https://nationcfh.wpcomstaging.com/where-we-buy/trenton/,404,https://nationcfh.wpcomstaging.com/where-we-buy/gibson-county/
https://nationcfh.wpcomstaging.com/where-we-buy/monroe-county/,404,https://nationcfh.wpcomstaging.com/about/
https://nationcfh.wpcomstaging.com/where-we-buy/hancock-county/,404,https://nationcfh.wpcomstaging.com/about/
https://nationcfh.wpcomstaging.com/where-we-buy/alcoa/,404,https://nationcfh.wpcomstaging.com/where-we-buy/blount-county/
https://nationcfh.wpcomstaging.com/where-we-buy/manchester/,404,https://nationcfh.wpcomstaging.com/where-we-buy/coffee-county/
https://nationcfh.wpcomstaging.com/where-we-buy/lincoln-county/,404,https://nationcfh.wpcomstaging.com/about/
https://nationcfh.wpcomstaging.com/where-we-buy/hohenwald/,404,https://nationcfh.wpcomstaging.com/where-we-buy/lewis-county/
https://nationcfh.wpcomstaging.com/where-we-buy/ashland-city/,404,https://nationcfh.wpcomstaging.com/where-we-buy/cheatham-county/
https://nationcfh.wpcomstaging.com/where-we-buy/springfield/,404,https://nationcfh.wpcomstaging.com/where-we-buy/robertson-county/
https://nationcfh.wpcomstaging.com/where-we-buy/fayette-county/,404,https://nationcfh.wpcomstaging.com/about/
https://nationcfh.wpcomstaging.com/where-we-buy/lauderdale-county/,404,https://nationcfh.wpcomstaging.com/about/
https://nationcfh.wpcomstaging.com/where-we-buy/weakley-county/,404,https://nationcfh.wpcomstaging.com/about/
https://nationcfh.wpcomstaging.com/where-we-buy/henderson-county/,404,https://nationcfh.wpcomstaging.com/about/
https://nationcfh.wpcomstaging.com/where-we-buy/centerville/,404,https://nationcfh.wpcomstaging.com/where-we-buy/hickman-county/
https://nationcfh.wpcomstaging.com/where-we-buy/smithville/,404,https://nationcfh.wpcomstaging.com/where-we-buy/dekalb-county/
https://nationcfh.wpcomstaging.com/where-we-buy/mcnairy-county/,404,https://nationcfh.wpcomstaging.com/about/
https://nationcfh.wpcomstaging.com/where-we-buy/pickett-county/,404,https://nationcfh.wpcomstaging.com/about/
https://nationcfh.wpcomstaging.com/where-we-buy/chester-county/,404,https://nationcfh.wpcomstaging.com/about/
https://nationcfh.wpcomstaging.com/where-we-buy/haywood-county/,404,https://nationcfh.wpcomstaging.com/about/
https://nationcfh.wpcomstaging.com/where-we-buy/marion-county/,404,https://nationcfh.wpcomstaging.com/about/
https://nationcfh.wpcomstaging.com/where-we-buy/burns/,404,https://nationcfh.wpcomstaging.com/where-we-buy/dickson-county/
https://nationcfh.wpcomstaging.com/where-we-buy/clinton/,404,https://nationcfh.wpcomstaging.com/where-we-buy/anderson-county/
https://nationcfh.wpcomstaging.com/where-we-buy/brentwood/,404,https://nationcfh.wpcomstaging.com/where-we-buy/williamson-county/
https://nationcfh.wpcomstaging.com/where-we-buy/meigs-county/,404,https://nationcfh.wpcomstaging.com/about/
https://nationcfh.wpcomstaging.com/investors-lenders/,404,https://nationcfh.wpcomstaging.com/home-2/|https://nationcfh.wpcomstaging.com/contact-us/|https://nationcfh.wpcomstaging.com/projects/
https://nationcfh.wpcomstaging.com/where-we-buy/church-hill/,404,https://nationcfh.wpcomstaging.com/where-we-buy/hawkins-county/
https://nationcfh.wpcomstaging.com/where-we-buy/overton-county/,404,https://nationcfh.wpcomstaging.com/about/
https://nationcfh.wpcomstaging.com/where-we-buy/union-county/,404,https://nationcfh.wpcomstaging.com/about/
https://nationcfh.wpcomstaging.com/where-we-buy/dover/,404,https://nationcfh.wpcomstaging.com/where-we-buy/stewart-county/
https://nationcfh.wpcomstaging.com/where-we-buy/cocke-county/,404,https://nationcfh.wpcomstaging.com/about/
https://nationcfh.wpcomstaging.com/where-we-buy/maryville/,404,https://nationcfh.wpcomstaging.com/where-we-buy/blount-county/
https://nationcfh.wpcomstaging.com/where-we-buy/moore-county/,404,https://nationcfh.wpcomstaging.com/about/
https://nationcfh.wpcomstaging.com/where-we-buy/johnson-city/,404,https://nationcfh.wpcomstaging.com/where-we-buy/washington-county/
https://nationcfh.wpcomstaging.com/where-we-buy/jacksboro/,404,https://nationcfh.wpcomstaging.com/where-we-buy/campbell-county/
https://nationcfh.wpcomstaging.com/where-we-buy/sequatchie-county/,404,https://nationcfh.wpcomstaging.com/about/
https://nationcfh.wpcomstaging.com/where-we-buy/signal-mountain/,404,https://nationcfh.wpcomstaging.com/where-we-buy/hamilton-county/
https://nationcfh.wpcomstaging.com/where-we-buy/grundy-county/,404,https://nationcfh.wpcomstaging.com/about/
https://nationcfh.wpcomstaging.com/where-we-buy/carthage/,404,https://nationcfh.wpcomstaging.com/where-we-buy/smith-county/
https://nationcfh.wpcomstaging.com/where-we-buy/benton-county/,404,https://nationcfh.wpcomstaging.com/about/
https://nationcfh.wpcomstaging.com/where-we-buy/carroll-county/,404,https://nationcfh.wpcomstaging.com/about/
https://nationcfh.wpcomstaging.com/where-we-buy/mcminn-county/,404,https://nationcfh.wpcomstaging.com/about/
https://nationcfh.wpcomstaging.com/where-we-buy/hardeman-county/,404,https://nationcfh.wpcomstaging.com/about/
https://nationcfh.wpcomstaging.com/where-we-buy/pigeon-forge/,404,https://nationcfh.wpcomstaging.com/where-we-buy/sevier-county/
https://nationcfh.wpcomstaging.com/where-we-buy/farragut/,404,https://nationcfh.wpcomstaging.com/where-we-buy/knox-county/
https://nationcfh.wpcomstaging.com/where-we-buy/decatur-county/,404,https://nationcfh.wpcomstaging.com/about/
https://nationcfh.wpcomstaging.com/where-we-buy/cumberland-county/,404,https://nationcfh.wpcomstaging.com/about/|https://nationcfh.wpcomstaging.com/facing-foreclosure/crossville/
https://nationcfh.wpcomstaging.com/where-we-buy/jackson-county/,404,https://nationcfh.wpcomstaging.com/about/
https://nationcfh.wpcomstaging.com/where-we-buy/van-buren-county/,404,https://nationcfh.wpcomstaging.com/about/
https://nationcfh.wpcomstaging.com/where-we-buy/clay-county/,404,https://nationcfh.wpcomstaging.com/about/
https://nationcfh.wpcomstaging.com/where-we-buy/pikeville/,404,https://nationcfh.wpcomstaging.com/where-we-buy/bledsoe-county/
https://nationcfh.wpcomstaging.com/where-we-buy/collierville/,404,https://nationcfh.wpcomstaging.com/where-we-buy/shelby-county/
https://nationcfh.wpcomstaging.com/where-we-buy/morgan-county/,404,https://nationcfh.wpcomstaging.com/about/
https://nationcfh.wpcomstaging.com/where-we-buy/townsend/,404,https://nationcfh.wpcomstaging.com/where-we-buy/blount-county/
https://nationcfh.wpcomstaging.com/where-we-buy/claiborne-county/,404,https://nationcfh.wpcomstaging.com/about/
https://nationcfh.wpcomstaging.com/where-we-buy/bartlett/,404,https://nationcfh.wpcomstaging.com/where-we-buy/shelby-county/
https://nationcfh.wpcomstaging.com/where-we-buy/sevierville/,404,https://nationcfh.wpcomstaging.com/where-we-buy/sevier-county/
https://nationcfh.wpcomstaging.com/where-we-buy/wayne-county/,404,https://nationcfh.wpcomstaging.com/about/
https://nationcfh.wpcomstaging.com/where-we-buy/norris/,404,https://nationcfh.wpcomstaging.com/where-we-buy/anderson-county/
https://nationcfh.wpcomstaging.com/where-we-buy/linden/,404,https://nationcfh.wpcomstaging.com/where-we-buy/perry-county/
https://nationcfh.wpcomstaging.com/where-we-buy/white-county/,404,https://nationcfh.wpcomstaging.com/about/
https://nationcfh.wpcomstaging.com/where-we-buy/rogersville/,404,https://nationcfh.wpcomstaging.com/where-we-buy/hawkins-county/
https://nationcfh.wpcomstaging.com/where-we-buy/red-bank/,404,https://nationcfh.wpcomstaging.com/where-we-buy/hamilton-county/
https://nationcfh.wpcomstaging.com/where-we-buy/waverly/,404,https://nationcfh.wpcomstaging.com/where-we-buy/humphreys-county/
