target_url,status,linked_from
https://nationcfh.wpcomstaging.com/blog/,301,https://nationcfh.wpcomstaging.com/2024/12/07/should-i-sell-my-house-subject-to/; https://nationcfh.wpcomstaging.com/2024/12/07/should-i-sell-my-house-subject-to/; https://nationcfh.wpcomstaging.com/2024/02/21/why-tennessee-cash-for-homes-is-the-best-choice-for-selling-your-home-in-tennessee/; https://nationcfh.wpcomstaging.com/2024/02/21/why-tennessee-cash-for-homes-is-the-best-choice-for-selling-your-home-in-tennessee/; https://nationcfh.wpcomstaging.com/2024/03/22/repairing-tenant-damage/
https://nationcfh.wpcomstaging.com/where-we-buy/mt-juliet/,404,https://nationcfh.wpcomstaging.com/where-we-buy/la-vergne/; https://nationcfh.wpcomstaging.com/where-we-buy/rutherford-county/; https://nationcfh.wpcomstaging.com/where-we-buy/mount-juliet/; https://nationcfh.wpcomstaging.com/where-we-buy/maury-county/; https://nationcfh.wpcomstaging.com/where-we-buy/bedford-county/
https://nationcfh.wpcomstaging.com/where-we-buy/knoxville/,301,https://nationcfh.wpcomstaging.com/sell-house-behind-on-taxes-tennessee/; https://nationcfh.wpcomstaging.com/sell-my-house-foreclosure-tennessee/; https://nationcfh.wpcomstaging.com/sell-house-as-is-tennessee/; https://nationcfh.wpcomstaging.com/sell-house-probate-tennessee/; https://nationcfh.wpcomstaging.com/sell-inherited-house-tennessee/
https://nationcfh.wpcomstaging.com/where-we-buy/memphis/,301,https://nationcfh.wpcomstaging.com/sell-house-behind-on-taxes-tennessee/; https://nationcfh.wpcomstaging.com/sell-my-house-foreclosure-tennessee/; https://nationcfh.wpcomstaging.com/sell-house-as-is-tennessee/; https://nationcfh.wpcomstaging.com/sell-house-probate-tennessee/; https://nationcfh.wpcomstaging.com/sell-inherited-house-tennessee/
https://nationcfh.wpcomstaging.com/where-we-buy/chattanooga/,301,https://nationcfh.wpcomstaging.com/sell-house-behind-on-taxes-tennessee/; https://nationcfh.wpcomstaging.com/sell-my-house-foreclosure-tennessee/; https://nationcfh.wpcomstaging.com/sell-house-as-is-tennessee/; https://nationcfh.wpcomstaging.com/sell-house-probate-tennessee/; https://nationcfh.wpcomstaging.com/sell-inherited-house-tennessee/
https://nationcfh.wpcomstaging.com/where-we-buy/antioch/,301,https://nationcfh.wpcomstaging.com/sell-house-behind-on-taxes-tennessee/; https://nationcfh.wpcomstaging.com/sell-my-house-foreclosure-tennessee/; https://nationcfh.wpcomstaging.com/sell-house-as-is-tennessee/; https://nationcfh.wpcomstaging.com/sell-house-probate-tennessee/; https://nationcfh.wpcomstaging.com/sell-inherited-house-tennessee/
https://nationcfh.wpcomstaging.com/where-we-buy/jackson/,301,https://nationcfh.wpcomstaging.com/sell-house-behind-on-taxes-tennessee/; https://nationcfh.wpcomstaging.com/sell-my-house-foreclosure-tennessee/; https://nationcfh.wpcomstaging.com/sell-house-as-is-tennessee/; https://nationcfh.wpcomstaging.com/sell-house-probate-tennessee/; https://nationcfh.wpcomstaging.com/sell-inherited-house-tennessee/
https://nationcfh.wpcomstaging.com/where-we-buy/crossville/,301,https://nationcfh.wpcomstaging.com/sell-house-behind-on-taxes-tennessee/; https://nationcfh.wpcomstaging.com/sell-my-house-foreclosure-tennessee/; https://nationcfh.wpcomstaging.com/sell-house-as-is-tennessee/; https://nationcfh.wpcomstaging.com/sell-house-probate-tennessee/; https://nationcfh.wpcomstaging.com/sell-inherited-house-tennessee/
https://nationcfh.wpcomstaging.com/where-we-buy/mcminnville/,301,https://nationcfh.wpcomstaging.com/sell-house-behind-on-taxes-tennessee/; https://nationcfh.wpcomstaging.com/sell-my-house-foreclosure-tennessee/; https://nationcfh.wpcomstaging.com/sell-house-as-is-tennessee/; https://nationcfh.wpcomstaging.com/sell-house-probate-tennessee/; https://nationcfh.wpcomstaging.com/sell-inherited-house-tennessee/
https://nationcfh.wpcomstaging.com/where-we-buy/old-hickory/,301,https://nationcfh.wpcomstaging.com/sell-house-behind-on-taxes-tennessee/; https://nationcfh.wpcomstaging.com/sell-my-house-foreclosure-tennessee/; https://nationcfh.wpcomstaging.com/sell-house-as-is-tennessee/; https://nationcfh.wpcomstaging.com/sell-house-probate-tennessee/; https://nationcfh.wpcomstaging.com/sell-inherited-house-tennessee/
https://nationcfh.wpcomstaging.com/where-we-buy/woodbury/,301,https://nationcfh.wpcomstaging.com/sell-house-behind-on-taxes-tennessee/; https://nationcfh.wpcomstaging.com/sell-my-house-foreclosure-tennessee/; https://nationcfh.wpcomstaging.com/sell-house-as-is-tennessee/; https://nationcfh.wpcomstaging.com/sell-house-probate-tennessee/; https://nationcfh.wpcomstaging.com/sell-inherited-house-tennessee/
