url,canonical,issue
https://nationcfh.wpcomstaging.com/blog-home/?category_name=home-tips,https://nationcfh.wpcomstaging.com/blog-home/,non-self
https://nationcfh.wpcomstaging.com/blog-home/?category_name=market-trends,https://nationcfh.wpcomstaging.com/blog-home/,non-self
https://nationcfh.wpcomstaging.com/blog-home/?category_name=education,https://nationcfh.wpcomstaging.com/blog-home/,non-self
https://nationcfh.wpcomstaging.com/blog-home/?category_name=selling-guide,https://nationcfh.wpcomstaging.com/blog-home/,non-self
https://nationcfh.wpcomstaging.com/blog-home/page/2/?category_name=home-tips,https://nationcfh.wpcomstaging.com/blog-home/page/2/,non-self
https://nationcfh.wpcomstaging.com/blog-home/page/2/?category_name=market-trends,https://nationcfh.wpcomstaging.com/blog-home/page/2/,non-self
https://nationcfh.wpcomstaging.com/blog-home/page/3/?category_name=education,https://nationcfh.wpcomstaging.com/blog-home/page/3/,non-self
https://nationcfh.wpcomstaging.com/blog-home/page/6/?category_name=selling-guide,https://nationcfh.wpcomstaging.com/blog-home/page/6/,non-self
https://nationcfh.wpcomstaging.com/blog-home/page/4/?category_name=education,https://nationcfh.wpcomstaging.com/blog-home/page/4/,non-self
https://nationcfh.wpcomstaging.com/blog-home/page/2/?category_name=selling-guide,https://nationcfh.wpcomstaging.com/blog-home/page/2/,non-self
https://nationcfh.wpcomstaging.com/blog-home/page/2/?category_name=education,https://nationcfh.wpcomstaging.com/blog-home/page/2/,non-self
https://nationcfh.wpcomstaging.com/blog-home/page/3/?category_name=selling-guide,https://nationcfh.wpcomstaging.com/blog-home/page/3/,non-self
https://nationcfh.wpcomstaging.com/blog-home/page/4/?category_name=selling-guide,https://nationcfh.wpcomstaging.com/blog-home/page/4/,non-self
https://nationcfh.wpcomstaging.com/blog-home/page/5/?category_name=selling-guide,https://nationcfh.wpcomstaging.com/blog-home/page/5/,non-self
