wix_path,wp_target_status,wp_target_url
/items/how-nashville-tn-homeowners-can-sell-their-home-during-probate-delays,404,https://nationcfh.wpcomstaging.com/items/how-nashville-tn-homeowners-can-sell-their-home-during-probate-delays
/items/how-tennessee-homeowners-can-sell-properties-facing-bankruptcy,404,https://nationcfh.wpcomstaging.com/items/how-tennessee-homeowners-can-sell-properties-facing-bankruptcy
/items/how-tennessee-homeowners-can-sell-quickly-amid-financial-hardship,404,https://nationcfh.wpcomstaging.com/items/how-tennessee-homeowners-can-sell-quickly-amid-financial-hardship
/items/how-lawrenceburg-tn-homeowners-can-avoid-foreclosure-lawsuits-effectively,404,https://nationcfh.wpcomstaging.com/items/how-lawrenceburg-tn-homeowners-can-avoid-foreclosure-lawsuits-effectively
/items/tennessee-homeowners-facing-divorce%3A-how-to-sell-property-fast,404,https://nationcfh.wpcomstaging.com/items/tennessee-homeowners-facing-divorce%3A-how-to-sell-property-fast
/items/how-tennessee-homeowners-can-sell-quickly-before-foreclosure-starts,404,https://nationcfh.wpcomstaging.com/items/how-tennessee-homeowners-can-sell-quickly-before-foreclosure-starts
/items/tennessee-guide-to-selling-a-home-in-probate-quickly-and-easily,404,https://nationcfh.wpcomstaging.com/items/tennessee-guide-to-selling-a-home-in-probate-quickly-and-easily
/items/what-tennessee-homeowners-must-know-about-pre-foreclosure-rights,404,https://nationcfh.wpcomstaging.com/items/what-tennessee-homeowners-must-know-about-pre-foreclosure-rights
/items/how-to-sell-an-as-is-home-in-alcoa-tn-with-code-violations,404,https://nationcfh.wpcomstaging.com/items/how-to-sell-an-as-is-home-in-alcoa-tn-with-code-violations
/items/how-tennessee-homeowners-can-sell-a-house-with-tax-liens-fast,404,https://nationcfh.wpcomstaging.com/items/how-tennessee-homeowners-can-sell-a-house-with-tax-liens-fast
/items/tennessee-homeowners-guide-to-selling-property-with-bankruptcy,404,https://nationcfh.wpcomstaging.com/items/tennessee-homeowners-guide-to-selling-property-with-bankruptcy
/items/how-tennessee-homeowners-can-stop-tax-lien-foreclosure-fast,404,https://nationcfh.wpcomstaging.com/items/how-tennessee-homeowners-can-stop-tax-lien-foreclosure-fast
/items/navigating-probate-to-sell-inherited-homes-in-soddy-daisy-tn,404,https://nationcfh.wpcomstaging.com/items/navigating-probate-to-sell-inherited-homes-in-soddy-daisy-tn
/items/how-tennessee-homeowners-can-sell-during-financial-hardship-fast,404,https://nationcfh.wpcomstaging.com/items/how-tennessee-homeowners-can-sell-during-financial-hardship-fast
/items/when-does-foreclosure-start-in-dickson-tn-how-to-respond,404,https://nationcfh.wpcomstaging.com/items/when-does-foreclosure-start-in-dickson-tn-how-to-respond
/items/what-tennessee-homeowners-should-know-about-bankruptcy-and-selling,404,https://nationcfh.wpcomstaging.com/items/what-tennessee-homeowners-should-know-about-bankruptcy-and-selling
/items/how-tennessee-homeowners-can-sell-homes-amid-probate-delays,404,https://nationcfh.wpcomstaging.com/items/how-tennessee-homeowners-can-sell-homes-amid-probate-delays
/items/what-tennessee-homeowners-should-do-when-facing-property-tax-liens,404,https://nationcfh.wpcomstaging.com/items/what-tennessee-homeowners-should-do-when-facing-property-tax-liens
/items/tennessee-homeowners-guide-to-avoid-foreclosure-lawsuit-fees,404,https://nationcfh.wpcomstaging.com/items/tennessee-homeowners-guide-to-avoid-foreclosure-lawsuit-fees
/items/how-tennessee-homeowners-can-sell-fast-for-cash,404,https://nationcfh.wpcomstaging.com/items/how-tennessee-homeowners-can-sell-fast-for-cash
/items/understanding-tennessee-tax-lien-foreclosure-timelines-for-sellers,404,https://nationcfh.wpcomstaging.com/items/understanding-tennessee-tax-lien-foreclosure-timelines-for-sellers
/items/understanding-tennessee-foreclosure-timelines-to-protect-your-home,404,https://nationcfh.wpcomstaging.com/items/understanding-tennessee-foreclosure-timelines-to-protect-your-home
/items/how-oak-ridge-tn-homeowners-can-sell-homes-with-code-violations-easily,404,https://nationcfh.wpcomstaging.com/items/how-oak-ridge-tn-homeowners-can-sell-homes-with-code-violations-easily
/items,404,https://nationcfh.wpcomstaging.com/items
/more-information,404,https://nationcfh.wpcomstaging.com/more-information
/our-solutions,404,https://nationcfh.wpcomstaging.com/our-solutions
