slug,page_id,http_status,link,error
church-hill,,400,,"{""code"": ""rest_invalid_param"", ""message"": ""Invalid parameter(s): template"", ""data"": {""status"": 400, ""params"": {""template"": ""template is not one of county-pages/page-county-anderson-county.php, county-pages/page-county-bedford-county.php, county-pages/page-county-benton-county.php, county-pages/page-county-bledsoe-county.php, county-pages/page-county-blount-county.php, county-pages/page-county-bradley-county.php, county-pages/page-county-campbell-county.php, county-pages/page-county-cannon-county"
cleveland,,400,,"{""code"": ""rest_invalid_param"", ""message"": ""Invalid parameter(s): template"", ""data"": {""status"": 400, ""params"": {""template"": ""template is not one of county-pages/page-county-anderson-county.php, county-pages/page-county-bedford-county.php, county-pages/page-county-benton-county.php, county-pages/page-county-bledsoe-county.php, county-pages/page-county-blount-county.php, county-pages/page-county-bradley-county.php, county-pages/page-county-campbell-county.php, county-pages/page-county-cannon-county"
clinton,,400,,"{""code"": ""rest_invalid_param"", ""message"": ""Invalid parameter(s): template"", ""data"": {""status"": 400, ""params"": {""template"": ""template is not one of county-pages/page-county-anderson-county.php, county-pages/page-county-bedford-county.php, county-pages/page-county-benton-county.php, county-pages/page-county-bledsoe-county.php, county-pages/page-county-blount-county.php, county-pages/page-county-bradley-county.php, county-pages/page-county-campbell-county.php, county-pages/page-county-cannon-county"
collierville,,400,,"{""code"": ""rest_invalid_param"", ""message"": ""Invalid parameter(s): template"", ""data"": {""status"": 400, ""params"": {""template"": ""template is not one of county-pages/page-county-anderson-county.php, county-pages/page-county-bedford-county.php, county-pages/page-county-benton-county.php, county-pages/page-county-bledsoe-county.php, county-pages/page-county-blount-county.php, county-pages/page-county-bradley-county.php, county-pages/page-county-campbell-county.php, county-pages/page-county-cannon-county"
cookeville,,400,,"{""code"": ""rest_invalid_param"", ""message"": ""Invalid parameter(s): template"", ""data"": {""status"": 400, ""params"": {""template"": ""template is not one of county-pages/page-county-anderson-county.php, county-pages/page-county-bedford-county.php, county-pages/page-county-benton-county.php, county-pages/page-county-bledsoe-county.php, county-pages/page-county-blount-county.php, county-pages/page-county-bradley-county.php, county-pages/page-county-campbell-county.php, county-pages/page-county-cannon-county"
copperhill,,400,,"{""code"": ""rest_invalid_param"", ""message"": ""Invalid parameter(s): template"", ""data"": {""status"": 400, ""params"": {""template"": ""template is not one of county-pages/page-county-anderson-county.php, county-pages/page-county-bedford-county.php, county-pages/page-county-benton-county.php, county-pages/page-county-bledsoe-county.php, county-pages/page-county-blount-county.php, county-pages/page-county-bradley-county.php, county-pages/page-county-campbell-county.php, county-pages/page-county-cannon-county"
covington,,400,,"{""code"": ""rest_invalid_param"", ""message"": ""Invalid parameter(s): template"", ""data"": {""status"": 400, ""params"": {""template"": ""template is not one of county-pages/page-county-anderson-county.php, county-pages/page-county-bedford-county.php, county-pages/page-county-benton-county.php, county-pages/page-county-bledsoe-county.php, county-pages/page-county-blount-county.php, county-pages/page-county-bradley-county.php, county-pages/page-county-campbell-county.php, county-pages/page-county-cannon-county"
cowan,,400,,"{""code"": ""rest_invalid_param"", ""message"": ""Invalid parameter(s): template"", ""data"": {""status"": 400, ""params"": {""template"": ""template is not one of county-pages/page-county-anderson-county.php, county-pages/page-county-bedford-county.php, county-pages/page-county-benton-county.php, county-pages/page-county-bledsoe-county.php, county-pages/page-county-blount-county.php, county-pages/page-county-bradley-county.php, county-pages/page-county-campbell-county.php, county-pages/page-county-cannon-county"
dandridge,,400,,"{""code"": ""rest_invalid_param"", ""message"": ""Invalid parameter(s): template"", ""data"": {""status"": 400, ""params"": {""template"": ""template is not one of county-pages/page-county-anderson-county.php, county-pages/page-county-bedford-county.php, county-pages/page-county-benton-county.php, county-pages/page-county-bledsoe-county.php, county-pages/page-county-blount-county.php, county-pages/page-county-bradley-county.php, county-pages/page-county-campbell-county.php, county-pages/page-county-cannon-county"
dayton,,400,,"{""code"": ""rest_invalid_param"", ""message"": ""Invalid parameter(s): template"", ""data"": {""status"": 400, ""params"": {""template"": ""template is not one of county-pages/page-county-anderson-county.php, county-pages/page-county-bedford-county.php, county-pages/page-county-benton-county.php, county-pages/page-county-bledsoe-county.php, county-pages/page-county-blount-county.php, county-pages/page-county-bradley-county.php, county-pages/page-county-campbell-county.php, county-pages/page-county-cannon-county"
decatur,,400,,"{""code"": ""rest_invalid_param"", ""message"": ""Invalid parameter(s): template"", ""data"": {""status"": 400, ""params"": {""template"": ""template is not one of county-pages/page-county-anderson-county.php, county-pages/page-county-bedford-county.php, county-pages/page-county-benton-county.php, county-pages/page-county-bledsoe-county.php, county-pages/page-county-blount-county.php, county-pages/page-county-bradley-county.php, county-pages/page-county-campbell-county.php, county-pages/page-county-cannon-county"
decaturville,,400,,"{""code"": ""rest_invalid_param"", ""message"": ""Invalid parameter(s): template"", ""data"": {""status"": 400, ""params"": {""template"": ""template is not one of county-pages/page-county-anderson-county.php, county-pages/page-county-bedford-county.php, county-pages/page-county-benton-county.php, county-pages/page-county-bledsoe-county.php, county-pages/page-county-blount-county.php, county-pages/page-county-bradley-county.php, county-pages/page-county-campbell-county.php, county-pages/page-county-cannon-county"
decherd,,400,,"{""code"": ""rest_invalid_param"", ""message"": ""Invalid parameter(s): template"", ""data"": {""status"": 400, ""params"": {""template"": ""template is not one of county-pages/page-county-anderson-county.php, county-pages/page-county-bedford-county.php, county-pages/page-county-benton-county.php, county-pages/page-county-bledsoe-county.php, county-pages/page-county-blount-county.php, county-pages/page-county-bradley-county.php, county-pages/page-county-campbell-county.php, county-pages/page-county-cannon-county"
dover,,400,,"{""code"": ""rest_invalid_param"", ""message"": ""Invalid parameter(s): template"", ""data"": {""status"": 400, ""params"": {""template"": ""template is not one of county-pages/page-county-anderson-county.php, county-pages/page-county-bedford-county.php, county-pages/page-county-benton-county.php, county-pages/page-county-bledsoe-county.php, county-pages/page-county-blount-county.php, county-pages/page-county-bradley-county.php, county-pages/page-county-campbell-county.php, county-pages/page-county-cannon-county"
dresden,,400,,"{""code"": ""rest_invalid_param"", ""message"": ""Invalid parameter(s): template"", ""data"": {""status"": 400, ""params"": {""template"": ""template is not one of county-pages/page-county-anderson-county.php, county-pages/page-county-bedford-county.php, county-pages/page-county-benton-county.php, county-pages/page-county-bledsoe-county.php, county-pages/page-county-blount-county.php, county-pages/page-county-bradley-county.php, county-pages/page-county-campbell-county.php, county-pages/page-county-cannon-county"
dunlap,,400,,"{""code"": ""rest_invalid_param"", ""message"": ""Invalid parameter(s): template"", ""data"": {""status"": 400, ""params"": {""template"": ""template is not one of county-pages/page-county-anderson-county.php, county-pages/page-county-bedford-county.php, county-pages/page-county-benton-county.php, county-pages/page-county-bledsoe-county.php, county-pages/page-county-blount-county.php, county-pages/page-county-bradley-county.php, county-pages/page-county-campbell-county.php, county-pages/page-county-cannon-county"
dyersburg,,400,,"{""code"": ""rest_invalid_param"", ""message"": ""Invalid parameter(s): template"", ""data"": {""status"": 400, ""params"": {""template"": ""template is not one of county-pages/page-county-anderson-county.php, county-pages/page-county-bedford-county.php, county-pages/page-county-benton-county.php, county-pages/page-county-bledsoe-county.php, county-pages/page-county-blount-county.php, county-pages/page-county-bradley-county.php, county-pages/page-county-campbell-county.php, county-pages/page-county-cannon-county"
elizabethton,,400,,"{""code"": ""rest_invalid_param"", ""message"": ""Invalid parameter(s): template"", ""data"": {""status"": 400, ""params"": {""template"": ""template is not one of county-pages/page-county-anderson-county.php, county-pages/page-county-bedford-county.php, county-pages/page-county-benton-county.php, county-pages/page-county-bledsoe-county.php, county-pages/page-county-blount-county.php, county-pages/page-county-bradley-county.php, county-pages/page-county-campbell-county.php, county-pages/page-county-cannon-county"
erin,,400,,"{""code"": ""rest_invalid_param"", ""message"": ""Invalid parameter(s): template"", ""data"": {""status"": 400, ""params"": {""template"": ""template is not one of county-pages/page-county-anderson-county.php, county-pages/page-county-bedford-county.php, county-pages/page-county-benton-county.php, county-pages/page-county-bledsoe-county.php, county-pages/page-county-blount-county.php, county-pages/page-county-bradley-county.php, county-pages/page-county-campbell-county.php, county-pages/page-county-cannon-county"
erwin,,400,,"{""code"": ""rest_invalid_param"", ""message"": ""Invalid parameter(s): template"", ""data"": {""status"": 400, ""params"": {""template"": ""template is not one of county-pages/page-county-anderson-county.php, county-pages/page-county-bedford-county.php, county-pages/page-county-benton-county.php, county-pages/page-county-bledsoe-county.php, county-pages/page-county-blount-county.php, county-pages/page-county-bradley-county.php, county-pages/page-county-campbell-county.php, county-pages/page-county-cannon-county"
etowah,,400,,"{""code"": ""rest_invalid_param"", ""message"": ""Invalid parameter(s): template"", ""data"": {""status"": 400, ""params"": {""template"": ""template is not one of county-pages/page-county-anderson-county.php, county-pages/page-county-bedford-county.php, county-pages/page-county-benton-county.php, county-pages/page-county-bledsoe-county.php, county-pages/page-county-blount-county.php, county-pages/page-county-bradley-county.php, county-pages/page-county-campbell-county.php, county-pages/page-county-cannon-county"
farragut,,400,,"{""code"": ""rest_invalid_param"", ""message"": ""Invalid parameter(s): template"", ""data"": {""status"": 400, ""params"": {""template"": ""template is not one of county-pages/page-county-anderson-county.php, county-pages/page-county-bedford-county.php, county-pages/page-county-benton-county.php, county-pages/page-county-bledsoe-county.php, county-pages/page-county-blount-county.php, county-pages/page-county-bradley-county.php, county-pages/page-county-campbell-county.php, county-pages/page-county-cannon-county"
fayetteville,,400,,"{""code"": ""rest_invalid_param"", ""message"": ""Invalid parameter(s): template"", ""data"": {""status"": 400, ""params"": {""template"": ""template is not one of county-pages/page-county-anderson-county.php, county-pages/page-county-bedford-county.php, county-pages/page-county-benton-county.php, county-pages/page-county-bledsoe-county.php, county-pages/page-county-blount-county.php, county-pages/page-county-bradley-county.php, county-pages/page-county-campbell-county.php, county-pages/page-county-cannon-county"
gainesboro,,400,,"{""code"": ""rest_invalid_param"", ""message"": ""Invalid parameter(s): template"", ""data"": {""status"": 400, ""params"": {""template"": ""template is not one of county-pages/page-county-anderson-county.php, county-pages/page-county-bedford-county.php, county-pages/page-county-benton-county.php, county-pages/page-county-bledsoe-county.php, county-pages/page-county-blount-county.php, county-pages/page-county-bradley-county.php, county-pages/page-county-campbell-county.php, county-pages/page-county-cannon-county"
gatlinburg,,400,,"{""code"": ""rest_invalid_param"", ""message"": ""Invalid parameter(s): template"", ""data"": {""status"": 400, ""params"": {""template"": ""template is not one of county-pages/page-county-anderson-county.php, county-pages/page-county-bedford-county.php, county-pages/page-county-benton-county.php, county-pages/page-county-bledsoe-county.php, county-pages/page-county-blount-county.php, county-pages/page-county-bradley-county.php, county-pages/page-county-campbell-county.php, county-pages/page-county-cannon-county"
germantown,,400,,"{""code"": ""rest_invalid_param"", ""message"": ""Invalid parameter(s): template"", ""data"": {""status"": 400, ""params"": {""template"": ""template is not one of county-pages/page-county-anderson-county.php, county-pages/page-county-bedford-county.php, county-pages/page-county-benton-county.php, county-pages/page-county-bledsoe-county.php, county-pages/page-county-blount-county.php, county-pages/page-county-bradley-county.php, county-pages/page-county-campbell-county.php, county-pages/page-county-cannon-county"
greeneville,,400,,"{""code"": ""rest_invalid_param"", ""message"": ""Invalid parameter(s): template"", ""data"": {""status"": 400, ""params"": {""template"": ""template is not one of county-pages/page-county-anderson-county.php, county-pages/page-county-bedford-county.php, county-pages/page-county-benton-county.php, county-pages/page-county-bledsoe-county.php, county-pages/page-county-blount-county.php, county-pages/page-county-bradley-county.php, county-pages/page-county-campbell-county.php, county-pages/page-county-cannon-county"
harriman,,400,,"{""code"": ""rest_invalid_param"", ""message"": ""Invalid parameter(s): template"", ""data"": {""status"": 400, ""params"": {""template"": ""template is not one of county-pages/page-county-anderson-county.php, county-pages/page-county-bedford-county.php, county-pages/page-county-benton-county.php, county-pages/page-county-bledsoe-county.php, county-pages/page-county-blount-county.php, county-pages/page-county-bradley-county.php, county-pages/page-county-campbell-county.php, county-pages/page-county-cannon-county"
harrogate,,400,,"{""code"": ""rest_invalid_param"", ""message"": ""Invalid parameter(s): template"", ""data"": {""status"": 400, ""params"": {""template"": ""template is not one of county-pages/page-county-anderson-county.php, county-pages/page-county-bedford-county.php, county-pages/page-county-benton-county.php, county-pages/page-county-bledsoe-county.php, county-pages/page-county-blount-county.php, county-pages/page-county-bradley-county.php, county-pages/page-county-campbell-county.php, county-pages/page-county-cannon-county"
hartsville,,400,,"{""code"": ""rest_invalid_param"", ""message"": ""Invalid parameter(s): template"", ""data"": {""status"": 400, ""params"": {""template"": ""template is not one of county-pages/page-county-anderson-county.php, county-pages/page-county-bedford-county.php, county-pages/page-county-benton-county.php, county-pages/page-county-bledsoe-county.php, county-pages/page-county-blount-county.php, county-pages/page-county-bradley-county.php, county-pages/page-county-campbell-county.php, county-pages/page-county-cannon-county"
henderson,,400,,"{""code"": ""rest_invalid_param"", ""message"": ""Invalid parameter(s): template"", ""data"": {""status"": 400, ""params"": {""template"": ""template is not one of county-pages/page-county-anderson-county.php, county-pages/page-county-bedford-county.php, county-pages/page-county-benton-county.php, county-pages/page-county-bledsoe-county.php, county-pages/page-county-blount-county.php, county-pages/page-county-bradley-county.php, county-pages/page-county-campbell-county.php, county-pages/page-county-cannon-county"
hohenwald,,400,,"{""code"": ""rest_invalid_param"", ""message"": ""Invalid parameter(s): template"", ""data"": {""status"": 400, ""params"": {""template"": ""template is not one of county-pages/page-county-anderson-county.php, county-pages/page-county-bedford-county.php, county-pages/page-county-benton-county.php, county-pages/page-county-bledsoe-county.php, county-pages/page-county-blount-county.php, county-pages/page-county-bradley-county.php, county-pages/page-county-campbell-county.php, county-pages/page-county-cannon-county"
humboldt,,400,,"{""code"": ""rest_invalid_param"", ""message"": ""Invalid parameter(s): template"", ""data"": {""status"": 400, ""params"": {""template"": ""template is not one of county-pages/page-county-anderson-county.php, county-pages/page-county-bedford-county.php, county-pages/page-county-benton-county.php, county-pages/page-county-bledsoe-county.php, county-pages/page-county-blount-county.php, county-pages/page-county-bradley-county.php, county-pages/page-county-campbell-county.php, county-pages/page-county-cannon-county"
huntingdon,,400,,"{""code"": ""rest_invalid_param"", ""message"": ""Invalid parameter(s): template"", ""data"": {""status"": 400, ""params"": {""template"": ""template is not one of county-pages/page-county-anderson-county.php, county-pages/page-county-bedford-county.php, county-pages/page-county-benton-county.php, county-pages/page-county-bledsoe-county.php, county-pages/page-county-blount-county.php, county-pages/page-county-bradley-county.php, county-pages/page-county-campbell-county.php, county-pages/page-county-cannon-county"
huntsville,,400,,"{""code"": ""rest_invalid_param"", ""message"": ""Invalid parameter(s): template"", ""data"": {""status"": 400, ""params"": {""template"": ""template is not one of county-pages/page-county-anderson-county.php, county-pages/page-county-bedford-county.php, county-pages/page-county-benton-county.php, county-pages/page-county-bledsoe-county.php, county-pages/page-county-blount-county.php, county-pages/page-county-bradley-county.php, county-pages/page-county-campbell-county.php, county-pages/page-county-cannon-county"
jacksboro,,400,,"{""code"": ""rest_invalid_param"", ""message"": ""Invalid parameter(s): template"", ""data"": {""status"": 400, ""params"": {""template"": ""template is not one of county-pages/page-county-anderson-county.php, county-pages/page-county-bedford-county.php, county-pages/page-county-benton-county.php, county-pages/page-county-bledsoe-county.php, county-pages/page-county-blount-county.php, county-pages/page-county-bradley-county.php, county-pages/page-county-campbell-county.php, county-pages/page-county-cannon-county"
jamestown,,400,,"{""code"": ""rest_invalid_param"", ""message"": ""Invalid parameter(s): template"", ""data"": {""status"": 400, ""params"": {""template"": ""template is not one of county-pages/page-county-anderson-county.php, county-pages/page-county-bedford-county.php, county-pages/page-county-benton-county.php, county-pages/page-county-bledsoe-county.php, county-pages/page-county-blount-county.php, county-pages/page-county-bradley-county.php, county-pages/page-county-campbell-county.php, county-pages/page-county-cannon-county"
jasper,,400,,"{""code"": ""rest_invalid_param"", ""message"": ""Invalid parameter(s): template"", ""data"": {""status"": 400, ""params"": {""template"": ""template is not one of county-pages/page-county-anderson-county.php, county-pages/page-county-bedford-county.php, county-pages/page-county-benton-county.php, county-pages/page-county-bledsoe-county.php, county-pages/page-county-blount-county.php, county-pages/page-county-bradley-county.php, county-pages/page-county-campbell-county.php, county-pages/page-county-cannon-county"
jefferson-city,,400,,"{""code"": ""rest_invalid_param"", ""message"": ""Invalid parameter(s): template"", ""data"": {""status"": 400, ""params"": {""template"": ""template is not one of county-pages/page-county-anderson-county.php, county-pages/page-county-bedford-county.php, county-pages/page-county-benton-county.php, county-pages/page-county-bledsoe-county.php, county-pages/page-county-blount-county.php, county-pages/page-county-bradley-county.php, county-pages/page-county-campbell-county.php, county-pages/page-county-cannon-county"
johnson-city,,400,,"{""code"": ""rest_invalid_param"", ""message"": ""Invalid parameter(s): template"", ""data"": {""status"": 400, ""params"": {""template"": ""template is not one of county-pages/page-county-anderson-county.php, county-pages/page-county-bedford-county.php, county-pages/page-county-benton-county.php, county-pages/page-county-bledsoe-county.php, county-pages/page-county-blount-county.php, county-pages/page-county-bradley-county.php, county-pages/page-county-campbell-county.php, county-pages/page-county-cannon-county"
jonesborough,,400,,"{""code"": ""rest_invalid_param"", ""message"": ""Invalid parameter(s): template"", ""data"": {""status"": 400, ""params"": {""template"": ""template is not one of county-pages/page-county-anderson-county.php, county-pages/page-county-bedford-county.php, county-pages/page-county-benton-county.php, county-pages/page-county-bledsoe-county.php, county-pages/page-county-blount-county.php, county-pages/page-county-bradley-county.php, county-pages/page-county-campbell-county.php, county-pages/page-county-cannon-county"
kingsport,,400,,"{""code"": ""rest_invalid_param"", ""message"": ""Invalid parameter(s): template"", ""data"": {""status"": 400, ""params"": {""template"": ""template is not one of county-pages/page-county-anderson-county.php, county-pages/page-county-bedford-county.php, county-pages/page-county-benton-county.php, county-pages/page-county-bledsoe-county.php, county-pages/page-county-blount-county.php, county-pages/page-county-bradley-county.php, county-pages/page-county-campbell-county.php, county-pages/page-county-cannon-county"
